"","seqnames","start","end","width","strand","value","area","cluster","indexStart","indexEnd","L","clusterL","p.value","fwer","p.valueArea","fwerArea"
"DMR_1","chr15",22892697,22892705,8,"*",3.82227940028756,7.64455880057512,66540,31839,31840,2,10,1.83324778177018e-05,0.008,0.00341900711300139,0.812
"DMR_2","chr5",78985425,78985592,167,"*",0.497921748594799,4.48129573735319,158201,73189,73197,9,9,0.00287819901737919,0.684,0.0115952922196964,0.988
"DMR_3","chr19",58220080,58220837,757,"*",0.406016729420612,4.46618402362673,106352,49933,49943,11,11,0.00435396348170419,0.84,0.0116869546087849,0.988
"DMR_4","chr6",28956226,28956804,578,"*",0.279168073020582,5.30419338739107,167822,77946,77964,19,19,0.00386815281953509,0.848,0.00780963555034098,0.968
"DMR_5","chr1",154474108,154475173,1065,"*",0.432522016724806,3.89269815052325,13531,6467,6475,9,10,0.00538974847840434,0.852,0.0163067390188458,0.996
"DMR_6","chr20",13200685,13201193,508,"*",0.357362439776825,4.2883492773219,123796,56890,56901,12,28,0.00478477671042018,0.872,0.0128785656669355,0.992
"DMR_7","chr6",29521506,29521803,297,"*",0.264738515661716,4.50055476624917,167897,78118,78134,17,39,0.00474811175478478,0.9,0.0114852973527902,0.988
"DMR_8","chr2",225265963,225266876,913,"*",0.361096090694841,3.97205699764325,120646,55994,56004,11,11,0.0064255334751045,0.924,0.0155734399061377,0.996
"DMR_9","chr6",28973318,28973524,206,"*",0.365269842286503,3.65269842286503,167835,77990,77999,10,10,0.00761714453325511,0.924,0.0187449585686001,0.996
"DMR_10","chr19",52390810,52391789,979,"*",0.279882415049573,3.91835381069402,105354,49261,49274,14,14,0.00648969714746645,0.948,0.0160317518515803,0.996
"DMR_11","chr13",36871646,36872346,700,"*",0.294626702124924,3.83014712762401,55655,27318,27330,13,13,0.00703050524308866,0.948,0.0169483757424654,0.996
"DMR_12","chr22",51016501,51017162,661,"*",0.292103962240523,3.7973515091268,132695,61699,61711,13,15,0.00711300139326831,0.948,0.0171866979540955,0.996
"DMR_13","chr11",89867385,89867976,591,"*",0.352234087950313,3.52234087950314,40219,19767,19776,10,10,0.00873542568013493,0.952,0.0203215516609225,0.996
"DMR_14","chr1",68512539,68513063,524,"*",0.389832270785795,3.11865816628636,9956,4075,4082,8,9,0.0116502896531495,0.952,0.0269029111974775,1
"DMR_15","chr1",205818956,205819609,653,"*",-0.433120020695946,3.03184014487162,17535,8310,8316,7,9,0.00966121580992887,0.952,0.0287178265014299,1
"DMR_16","chr6",33084741,33085063,322,"*",0.281597830744673,3.66077179968075,169176,83143,83155,13,19,0.00759881205543741,0.956,0.0186166312238762,0.996
"DMR_17","chr13",111267667,111267991,324,"*",0.365097008360106,3.28587307524095,58594,28646,28654,9,11,0.0103853486837281,0.956,0.0238138886851947,0.996
"DMR_18","chr6",28058724,28059208,484,"*",0.361983322100261,3.25784989890235,167623,77396,77404,9,9,0.0108069956735352,0.956,0.0243730292586346,1
"DMR_19","chr6",31148332,31148666,334,"*",0.275072431419814,3.8510140398774,168480,80134,80147,14,14,0.00669135440346117,0.96,0.0168108821588326,0.996
"DMR_20","chr2",177053274,177053568,294,"*",0.358922576461112,3.23030318815,117835,54692,54700,9,9,0.0111094815575273,0.96,0.0248955048764391,1
"DMR_21","chr8",1765066,1765820,754,"*",0.301015197732327,3.61218237278792,190684,93428,93439,12,13,0.00754381462198431,0.964,0.0192307692307692,0.996
"DMR_22","chr8",144635260,144635610,350,"*",0.337825568508025,3.37825568508025,199274,96375,96384,10,10,0.00978037691574393,0.968,0.0223381242208697,0.996
"DMR_23","chr1",151032068,151032351,283,"*",0.355744505812924,2.84595604650339,12996,6128,6135,8,8,0.016169245435213,0.972,0.0329984600718633,1
"DMR_24","chr7",27197455,27198311,856,"*",0.351870802484891,2.81496641987913,180771,89258,89265,8,11,0.0168750458311945,0.972,0.0336584292733006,1
"DMR_25","chr20",61583910,61584159,249,"*",0.402038508862798,2.81426956203959,126743,59126,59132,7,10,0.0129427293392975,0.976,0.0336584292733006,1
"DMR_26","chr17",48546193,48546620,427,"*",0.334882010216544,3.01393809194889,89501,41394,41402,9,12,0.0140701767250862,0.98,0.0292403021192344,1
"DMR_27","chr17",6899085,6899577,492,"*",0.304451636499846,3.34896800149831,84203,38216,38226,11,14,0.0104128474004546,0.992,0.0227597712106768,0.996
"DMR_28","chr1",209979345,209979779,434,"*",0.282698060160447,3.10967866176491,17905,8438,8448,11,13,0.0121819315098629,0.996,0.0270770697367456,1
"DMR_29","chr6",30434291,30434552,261,"*",-0.26798347219372,2.94781819413092,168245,79120,79130,11,20,0.0136851946909144,0.996,0.0306244041944709,1
"DMR_30","chr5",178986291,178986906,615,"*",0.329058205952056,2.63246564761645,164662,76271,76278,8,9,0.0211923443572633,0.996,0.0382507149666349,1
"DMR_31","chr11",77850819,77851044,225,"*",0.324518872187095,2.59615097749676,39750,19533,19540,8,12,0.0223014592652343,0.996,0.0394423260247855,1
"DMR_32","chr7",56515510,56516129,619,"*",0.316605799174981,2.53284639339985,182905,90187,90194,8,11,0.0240613771357337,0.996,0.0413947349123708,1
"DMR_33","chr12",9217390,9217859,469,"*",0.314247210846642,2.51397768677313,44905,21971,21978,8,8,0.0245746865146293,0.996,0.0419080442912664,1
"DMR_34","chr6",29599178,29599390,212,"*",0.311970937328728,2.49576749862983,167948,78195,78202,8,10,0.0250971621324338,0.996,0.0425130160592506,1
"DMR_35","chr8",143859410,143859990,580,"*",0.308126089209276,2.46500871367421,199029,96259,96266,8,12,0.0259587885898658,0.996,0.0433288113221383,1
"DMR_36","chr14",24779793,24780557,764,"*",0.336394024182584,2.35475816927809,60404,29340,29346,7,13,0.0242447019139107,0.996,0.0468486470631371,1
"DMR_37","chr13",47370918,47371415,497,"*",0.335550628141781,2.34885439699247,56334,27691,27697,7,13,0.024473857886632,0.996,0.0470319718413141,1
"DMR_38","chr17",19551535,19552182,647,"*",0.329270834248582,2.30489583974007,85741,39138,39144,7,8,0.0263254381462198,0.996,0.0489385495343551,1
"DMR_39","chr10",128994297,128994702,405,"*",0.32808860358764,2.29662022511348,30136,13832,13838,7,9,0.0267012539414827,0.996,0.0493326978074357,1
"DMR_40","chr2",27665017,27665543,526,"*",0.303070111086761,2.72763099978085,109075,50987,50995,9,11,0.0191757717973161,1,0.0357574979834274,1
"DMR_41","chr19",38747079,38747378,299,"*",0.272683309070624,2.72683309070624,102604,47745,47754,10,10,0.0173241915377282,1,0.0357758304612451,1
"DMR_42","chr15",22833172,22833802,630,"*",0.269403696367464,2.69403696367464,66536,31822,31831,10,12,0.0177458385275354,1,0.0366282906797683,1
"DMR_43","chr5",140345966,140346403,437,"*",0.267066440825463,2.67066440825463,161379,74823,74832,10,10,0.018139986800616,1,0.0371507662975728,1
"DMR_44","chr16",66612955,66613334,379,"*",0.295991022416192,2.66391920174573,79211,36602,36610,9,12,0.0204682114834641,1,0.0373432573146587,1
"DMR_45","chr19",9473565,9473781,216,"*",0.289407600136859,2.60466840123173,99440,45577,45585,9,11,0.0217698174085209,1,0.0391490063797023,1
"DMR_46","chr15",31195612,31196075,463,"*",0.273785551754193,2.46406996578774,67168,31980,31988,9,9,0.0247396788149886,1,0.0433654762777737,1
"DMR_47","chr1",3567986,3568245,259,"*",0.272092536268065,2.44883282641258,1627,391,399,9,37,0.0250421646989807,1,0.043842120701034,1
"DMR_48","chr2",219857927,219858271,344,"*",0.291344570108812,2.33075656087049,120157,55755,55762,8,9,0.0309543887951896,1,0.0478111021485664,1
"DMR_49","chr12",3862221,3862473,252,"*",0.288535974209725,2.3082877936778,44231,21549,21556,8,13,0.0318160152526215,1,0.04881938842854,1
"DMR_50","chr6",26183508,26183829,321,"*",0.288270772618767,2.30616618095014,167299,77183,77190,8,9,0.0319168438806189,1,0.048883552100902,1
"DMR_51","chr13",31506685,31507139,454,"*",0.286435177156009,2.29148141724808,55373,27170,27177,8,8,0.0323201583926083,1,0.0494885238688861,1
"DMR_52","chr6",48036409,48036676,267,"*",0.286085349430516,2.28868279544413,171208,85252,85259,8,10,0.0324118207816969,1,0.0495343550634304,1
"DMR_53","chr7",28996196,28997173,977,"*",0.285398021875244,2.28318417500195,181006,89420,89427,8,22,0.0325493143653296,1,0.0496718486470631,1
"DMR_54","chr2",10442817,10443138,321,"*",0.253612616883043,2.28251355194739,107752,50351,50359,9,10,0.0286169978734326,1,0.0497085136026985,1
