"","logFC","AveExpr","t","P.Value","adj.P.Val","B","Fibromyalgia_AVG","Control_AVG","deltaBeta","CHR","MAPINFO","Strand","Type","gene","feature","cgi","feat.cgi","UCSC_CpG_Islands_Name","DHS","Enhancer","Phantom","Probe_SNPs","Probe_SNPs_10"
"cg13546935",0.0410591510828651,0.145875392173651,7.6429846357933,9.17035872760276e-10,0.000265434392899772,11.4888408580776,0.165968168235479,0.124909017152614,-0.0410591510828652,"2",29033780,"F","I","SPDYA","5'UTR","island","5'UTR-island","chr2:29033351-29034011",TRUE,TRUE,"","",""
"cg13524311",-0.0923780056416703,0.659875973104583,-7.52957910303812,1.35619679290867e-09,0.000265434392899772,11.0969508324683,0.614669715024617,0.707047720666287,0.0923780056416703,"2",238871750,"R","II","","IGR","shelf","IGR-shelf","chr2:238875131-238876327",NA,NA,"","",""
"cg06697094",0.0413797721558296,0.182869042279922,7.42644320268918,1.93712383068617e-09,0.000265434392899772,10.7400273737712,0.203118718015753,0.161738945859924,-0.0413797721558297,"17",54911185,"F","I","DGKE","TSS1500","island","TSS1500-island","chr17:54910496-54912470",NA,NA,"","",""
"cg03995567",0.0223709284261415,0.0626007756581536,7.20799003150276,4.12959371152203e-09,0.000346189836098205,9.98266934637354,0.0735482512709462,0.0511773228448047,-0.0223709284261415,"22",37448205,"R","I","KCTD17","Body","island","Body-island","chr22:37447689-37448238",NA,NA,"","rs855796",""
"cg03113475",0.0352028102116825,0.0900701501709443,7.20237948913423,4.21078679192611e-09,0.000346189836098205,9.96319790068708,0.10729705729581,0.0720942470841277,-0.0352028102116825,"19",12833063,"F","I","TNPO2","5'UTR","shore","5'UTR-shore","chr19:12833104-12833574",NA,NA,"high-CpG:12693923-12694505","",""
"cg27184249",-0.0559142520150007,0.879253137173636,-7.07143073437144,6.63554670197237e-09,0.00034619432342093,9.50851783934427,0.85189084363438,0.90780509564938,0.0559142520150006,"1",38010230,"R","II","SNIP1","Body","opensea","Body-opensea","",NA,NA,"","",""
"cg11079583",0.0577431022646658,0.293511631411522,7.05878434910743,6.93371680265272e-09,0.00034619432342093,9.46458757602731,0.32176889422189,0.264025791957224,-0.0577431022646659,"6",10420904,"F","I","TFAP2A","TSS1500","shore","TSS1500-shore","chr6:10421414-10421727",NA,NA,"","rs35139538",""
"cg26997880",0.0632194455353745,0.1478509341086,7.03083058654838,7.64134509193609e-09,0.00034619432342093,9.36747342153232,0.178788109583358,0.115568664047983,-0.0632194455353746,"6",32055370,"R","I","TNXB","Body","island","Body-island","chr6:32055067-32055601",TRUE,TRUE,"","",""
"cg11654179",0.024734694499236,0.108994953027539,7.02687703471349,7.74710875790616e-09,0.00034619432342093,9.35373733734808,0.121099165229293,0.0963644707300566,-0.0247346944992361,"12",57998762,"F","I","DTX3","5'UTR","opensea","5'UTR-opensea","",TRUE,NA,"","",""
"cg16185834",0.0635671242290472,0.215406968742304,6.98775120960831,8.87627583840176e-09,0.00034619432342093,9.21778723726633,0.246514284854391,0.182947160625343,-0.0635671242290473,"20",25062819,"R","I","VSX1","TSS200","island","TSS200-island","chr20:25061761-25062928",TRUE,NA,"","",""
"cg19556901",-0.0520729750428167,0.629592324345585,-6.93807454458387,1.05507818665877e-08,0.00034619432342093,9.04514778488392,0.604109804643781,0.656182779686597,0.0520729750428166,"15",25414769,"F","I","SNORD115-1","TSS1500","opensea","TSS1500-opensea","",NA,NA,"","",""
"cg15665925",0.0188366563310705,0.0581992829747685,6.89053967652787,1.24488427032095e-08,0.00034619432342093,8.87992923563835,0.0674172211793349,0.0485805648482645,-0.0188366563310705,"11",62380340,"F","I","EML3","TSS200","island","TSS200-island","chr11:62379638-62380556",NA,NA,"","",""
"cg02396143",0.0360668391046697,0.0960437364462375,6.88662679021019,1.26195533363986e-08,0.00034619432342093,8.86632835134863,0.113693466220863,0.0776266271161934,-0.0360668391046697,"1",29063512,"F","I","YTHDF2","5'UTR","island","5'UTR-island","chr1:29063066-29064315",NA,NA,"high-CpG:28935978-28936119","rs34041618",""
"cg26529833",0.0303609023956391,0.0914043866254032,6.86929750104818,1.34042343794042e-08,0.00034619432342093,8.80609207482171,0.106261849499865,0.0759009471042258,-0.0303609023956392,"12",49483619,"F","I","DHH","3'UTR","island","3'UTR-island","chr12:49483601-49484255",NA,NA,"","",""
"cg24831305",0.0545356863335003,0.206868049208293,6.86925575823983,1.34061823521766e-08,0.00034619432342093,8.80594697577263,0.233555725499155,0.179020039165655,-0.0545356863335003,"19",53426233,"R","I","","IGR","island","IGR-island","chr19:53426078-53426389",NA,NA,"","",""
"cg07730007",-0.106092278754295,0.639359722435356,-6.82483282132394,1.56485966356802e-08,0.00034619432342093,8.65152819617256,0.587442224321552,0.693534503075847,0.106092278754295,"12",107377277,"F","II","MTERFD3","5'UTR","shelf","5'UTR-shelf","chr12:107380558-107381076",NA,NA,"","rs34991083",""
"cg21144462",0.0543470378192378,0.220111135644928,6.80409760006206,1.68203123339348e-08,0.00034619432342093,8.57944906897171,0.246706494577746,0.192359456758508,-0.0543470378192378,"17",42082647,"F","I","PYY","TSS1500","island","TSS1500-island","chr17:42082027-42084972",TRUE,TRUE,"","rs2014257",""
"cg14306956",0.0290480796817574,0.0697625716045412,6.79984640078396,1.70711869359931e-08,0.00034619432342093,8.56467117081217,0.0839775893211459,0.0549295096393885,-0.0290480796817574,"9",37027384,"F","I","PAX5","Body","island","Body-island","chr9:37026222-37028014",NA,TRUE,"","",""
"cg11224423",0.0304257971544008,0.190352476743743,6.75715223801736,1.98081074187307e-08,0.00034619432342093,8.41626041827823,0.205241696627811,0.174815899473411,-0.0304257971544008,"12",56136943,"F","I","GDF11","TSS200","island","TSS200-island","chr12:56136783-56137784",NA,NA,"high-CpG:54423169-54423343","rs1681083",""
"cg25403152",0.0452508425186972,0.163813038745592,6.75016083919538,2.02964146349023e-08,0.00034619432342093,8.3919578550429,0.185957068063253,0.140706225544555,-0.0452508425186973,"8",60031829,"F","I","TOX","TSS200","island","TSS200-island","chr8:60030134-60032356",NA,NA,"","",""
"cg24810735",-0.0583843953390164,0.822801867519457,-6.73322253562924,2.153000838521e-08,0.00034619432342093,8.33308012056385,0.794230780438662,0.852615175777679,0.0583843953390164,"8",108441547,"R","I","ANGPT1","Body","opensea","Body-opensea","",NA,TRUE,"","",""
"cg01130364",0.0443951060896112,0.150972425823941,6.72988216028657,2.17820038002371e-08,0.00034619432342093,8.32146911671391,0.172697690506091,0.12830258441648,-0.0443951060896113,"10",102977010,"R","I","","IGR","island","IGR-island","chr10:102975969-102978096",NA,NA,"","",""
"cg27618811",0.0203927974273013,0.0740417276519626,6.72851382329228,2.18860806076803e-08,0.00034619432342093,8.31671285381056,0.0840211817121313,0.06362838428483,-0.0203927974273013,"17",7518128,"F","I","FXR2","1stExon","island","1stExon-island","chr17:7517690-7518748",NA,NA,"high-CpG:7458795-7459214","",""
"cg07867325",-0.0451964843973907,0.541912200856362,-6.71851642992177,2.26617481248077e-08,0.00034619432342093,8.28196282653111,0.519794772321469,0.564991256718859,0.0451964843973904,"3",73159953,"R","I","","IGR","island","IGR-island","chr3:73159857-73160140",NA,NA,"","",""
"cg19767562",0.0554970212200847,0.0987785252239871,6.71062734018599,2.32932159228725e-08,0.00034619432342093,8.25454154448143,0.125936641991263,0.0704396207711779,-0.0554970212200848,"7",100224437,"F","I","TFR2","Body","island","Body-island","chr7:100224270-100224558",NA,TRUE,"","",""
"cg05990579",0.0520534214834314,0.14933572169848,6.70052820047082,2.41273540066957e-08,0.00034619432342093,8.21943914017224,0.17480867263718,0.122755251153749,-0.0520534214834315,"15",40531343,"R","I","PAK6","5'UTR","island","5'UTR-island","chr15:40531244-40531589",NA,TRUE,"","",""
"cg01076051",-0.0692918661517515,0.708862912187427,-6.69212252186531,2.48443732099304e-08,0.00034619432342093,8.1902234705488,0.674954126623803,0.744245992775555,0.0692918661517515,"5",130329564,"R","II","","IGR","shore","IGR-shore","chr5:130330771-130331092",NA,NA,"","",""
"cg15804432",0.0437645886497894,0.146838682004989,6.69023472884641,2.5008315651615e-08,0.00034619432342093,8.1836621409537,0.168255395599567,0.124490806949777,-0.0437645886497894,"15",64454965,"R","I","PPIB","Body","island","Body-island","chr15:64454890-64455577",NA,NA,"","",""
"cg23488616",0.0598195639949753,0.208903074924648,6.68565224283664,2.54107925454712e-08,0.00034619432342093,8.16773510516234,0.238176478581764,0.178356914586789,-0.0598195639949754,"6",159065864,"F","I","DYNLT1","TSS200","shore","TSS200-shore","chr6:159065191-159065794",NA,NA,"","",""
"cg00491591",-0.0240726871118258,0.905025478027659,-6.67301742484986,2.65543949037985e-08,0.00034619432342093,8.12382216798759,0.893245226887829,0.917317913999654,0.024072687111825,"17",77884590,"R","I","","IGR","opensea","IGR-opensea","",NA,NA,"","",""
"cg18362448",0.0303413366887022,0.465087156250053,6.66672169334952,2.71433177180685e-08,0.00034619432342093,8.10194164912912,0.479935044416865,0.449593707728162,-0.0303413366887026,"19",18544419,"R","I","SSBP4","Body","island","Body-island","chr19:18543828-18549161",NA,NA,"","",""
"cg24799909",0.0310927741843449,0.0925503996906086,6.66450871761289,2.73534162752654e-08,0.00034619432342093,8.09425065744344,0.107766012589331,0.0766732384049857,-0.0310927741843449,"5",145724482,"F","I","","IGR","island","IGR-island","chr5:145724294-145724551",NA,TRUE,"","",""
"cg00482020",0.0405640662742529,0.132863844294846,6.65994801683994,2.77915530569621e-08,0.00034619432342093,8.07840053724109,0.152714344812034,0.112150278537781,-0.0405640662742529,"16",25026850,"R","I","ARHGAP17","TSS200","shore","TSS200-shore","chr16:25026067-25026538",TRUE,NA,"","",""
"cg27315742",0.0214985727680833,0.0865322234161551,6.63596607230075,3.02136564260767e-08,0.000357738390037304,7.99505850995274,0.0970528015792597,0.0755542288111763,-0.0214985727680833,"6",117586681,"F","I","VGLL2","TSS200","island","TSS200-island","chr6:117586482-117587156",TRUE,NA,"","",""
"cg13481974",0.0505063219707135,0.142200160874636,6.63293489980602,3.05344634768266e-08,0.000357738390037304,7.98452510678187,0.166916020562432,0.116409698591719,-0.0505063219707135,"15",42174516,"F","I","SPTBN5","Body","island","Body-island","chr15:42174084-42174855",TRUE,TRUE,"","",""
"cg24690236",-0.029230865747888,0.901257552353438,-6.61689609610089,3.22895365750061e-08,0.000357738390037304,7.92879198349798,0.886953086136386,0.916183951884274,0.0292308657478884,"1",237729917,"R","I","RYR2","Body","opensea","Body-opensea","",NA,NA,"","",""
"cg17371350",0.0543051718634024,0.194995425383288,6.61046630236457,3.30211476011808e-08,0.000357738390037304,7.9064501988466,0.221570296720698,0.167265124857295,-0.0543051718634024,"17",655677,"F","I","ELP2P","TSS1500","island","TSS1500-island","chr17:655026-656707",NA,NA,"","",""
"cg27055481",0.0449076165855311,0.115902114998631,6.6030841824831,3.38815894280453e-08,0.000357738390037304,7.88080012898136,0.137878182689423,0.0929705661038921,-0.0449076165855312,"14",102247610,"R","I","PPP2R5C","Body","shore","Body-shore","chr14:102247660-102248279",NA,TRUE,"","","rs34579030"
"cg20798677",0.0417812080526061,0.214828868159998,6.60238454284768,3.39642921762512e-08,0.000357738390037304,7.8783691911955,0.235274991249572,0.193493783196966,-0.0417812080526061,"17",39968547,"F","I","FKBP10","TSS1500","island","TSS1500-island","chr17:39967407-39968604",NA,NA,"","",""
"cg13852536",-0.0371610663580015,0.853525364454567,-6.59532607166182,3.48100361284247e-08,0.000357738390037304,7.85384457691797,0.835340161768737,0.872501228126738,0.0371610663580013,"9",32567045,"F","I","NDUFB6","Body","shore","Body-shore","chr9:32566741-32567004",NA,NA,"","rs35465917",""
"cg24877558",0.0284515150632016,0.0597697802967904,6.57651372588986,3.71684387129532e-08,0.00035954304551455,7.7884853417409,0.0736928621362295,0.0452413470730279,-0.0284515150632016,"1",42801138,"R","I","FOXJ3","TSS1500","island","TSS1500-island","chr1:42800265-42801370",NA,NA,"","",""
"cg09744376",0.0304571864260605,0.11230218678754,6.57523072942153,3.73349835220437e-08,0.00035954304551455,7.78402809023127,0.127206767379017,0.0967495809529559,-0.0304571864260606,"3",53080176,"F","I","SFMBT1","TSS1500","island","TSS1500-island","chr3:53078956-53081101",NA,NA,"high-CpG:53054999-53055997","",""
"cg21007414",0.0140790447138889,0.0357802756264103,6.57312792451675,3.76095626275634e-08,0.00035954304551455,7.77672281187809,0.0426700209119304,0.0285909761980415,-0.0140790447138889,"11",76381687,"F","I","LRRC32","TSS1500","island","TSS1500-island","chr11:76381449-76382295",TRUE,NA,"high-CpG:76059329-76059480","",""
"cg10616859",-0.0380627978746333,0.598007112122333,-6.56598921046023,3.85568728635876e-08,0.000360221966190893,7.75192308035341,0.579380636566661,0.617443434441294,0.0380627978746331,"7",2586532,"R","I","C7orf27","Body","shelf","Body-shelf","chr7:2583206-2583542",NA,NA,"","","rs71922777"
"cg03312366",0.039467529707645,0.255730244374759,6.55465060359469,4.01108016737401e-08,0.000361422107323462,7.71253503364433,0.275044141891266,0.235576612183621,-0.0394675297076451,"2",45179416,"F","I","","IGR","island","IGR-island","chr2:45179364-45180394",TRUE,TRUE,"","",""
"cg02215815",0.0376983630141134,0.134301364016484,6.55227832754355,4.04437558520446e-08,0.000361422107323462,7.70429454503987,0.152749499108497,0.115051136094384,-0.0376983630141134,"16",28962783,"R","I","NFATC2IP","Body","island","Body-island","chr16:28961913-28962791",NA,NA,"","",""
"cg15155463",0.0545387338358761,0.163239839545428,6.53690931479676,4.26688051771572e-08,0.000371009826445931,7.65091058396303,0.18992900716724,0.135390273331363,-0.0545387338358762,"2",71693793,"F","I","DYSF","TSS200","island","TSS200-island","chr2:71693164-71694127",TRUE,TRUE,"","rs58981291",""
"cg26648054",0.022498196983946,0.0949686111397916,6.53255140712215,4.33217093459945e-08,0.000371009826445931,7.6357743928911,0.105978367110659,0.0834801701267127,-0.0224981969839461,"17",7117995,"F","I","DLG4","Body","island","Body-island","chr17:7117596-7118085",NA,TRUE,"","",""
"cg27343836",0.048621755661089,0.184297330561776,6.51148302252786,4.66218452859563e-08,0.000382958061298312,7.5626042093737,0.208090955672522,0.159469200011433,-0.048621755661089,"16",86549678,"R","I","","IGR","island","IGR-island","chr16:86549069-86550512",NA,NA,"","",""
"cg09433135",0.0397548201096282,0.127804524679751,6.51090145800172,4.67164208682599e-08,0.000382958061298312,7.56058459041218,0.147259011116378,0.10750419100675,-0.0397548201096282,"19",46002123,"R","I","FLJ40125","1stExon","island","1stExon-island","chr19:46001830-46002686",TRUE,TRUE,"","",""
"cg14728310",0.0410711824425957,0.116517596768486,6.50154973703505,4.82638317189088e-08,0.000382958061298312,7.52810966770133,0.136616260516991,0.0955450780743948,-0.0410711824425957,"19",9879317,"F","I","ZNF846","1stExon","island","1stExon-island","chr19:9879152-9879736",NA,NA,"high-CpG:9740249-9740363","",""
"cg10424846",0.0258620329563768,0.0768280880561492,6.50048473058154,4.84432747978161e-08,0.000382958061298312,7.52441144596337,0.0894839765241634,0.0636219435677865,-0.0258620329563768,"17",33894970,"R","I","","IGR","island","IGR-island","chr17:33894866-33895142",NA,NA,"","",""
"cg12043722",0.0530704134083417,0.167167975363724,6.49462145669579,4.94431881494984e-08,0.000383487897519906,7.50405180451253,0.193138603201848,0.140068189793507,-0.0530704134083418,"15",68870836,"R","I","CORO2B","TSS1500","island","TSS1500-island","chr15:68870633-68871974",TRUE,NA,"","",""
"cg13881199",0.0469285293672764,0.155682966591229,6.47800224835058,5.23909328740014e-08,0.000398825976503336,7.44634800722138,0.178647991600748,0.131719462233471,-0.0469285293672765,"1",231298177,"F","I","TRIM67","TSS1500","island","TSS1500-island","chr1:231297812-231299777",TRUE,NA,"","",""
"cg11357369",-0.0361737839331709,0.873204686553529,-6.46854269512142,5.41465579237066e-08,0.00040184435996213,7.41350661529579,0.855502622075594,0.891676406008765,0.0361737839331707,"6",164506268,"F","I","","IGR","opensea","IGR-opensea","",NA,NA,"","",""
"cg13888710",0.0186704805009202,0.0863152841245163,6.45518806838158,5.67256343622567e-08,0.00040184435996213,7.36714662712687,0.0954519022419878,0.0767814217410676,-0.0186704805009202,"4",39699558,"R","I","UBE2K","TSS200","island","TSS200-island","chr4:39699359-39700214",NA,NA,"","",""
"cg14358282",0.0398019869653405,0.148289700515167,6.45427956186977,5.69054827080601e-08,0.00040184435996213,7.36399297071115,0.167767268604589,0.127965281639248,-0.0398019869653405,"2",219866628,"F","I","MIR375","TSS200","island","TSS200-island","chr2:219866131-219868054",NA,TRUE,"","",""
"cg14126493",0.0421531436640326,0.0795701120837037,6.45156411308099,5.74464381974682e-08,0.00040184435996213,7.3545671011606,0.100198246217167,0.0580451025531338,-0.0421531436640327,"5",176831297,"R","I","F12","Body","island","Body-island","chr5:176830275-176831639",NA,NA,"high-CpG:176763789-176764142","rs77098327","rs78187030"
"cg13045813",0.0189753285568219,0.0625713863695361,6.44578833722583,5.86142046431667e-08,0.00040184435996213,7.33451893246894,0.0718571854505341,0.0528818568937122,-0.018975328556822,"2",196933518,"F","I","DNAH7","5'UTR","island","5'UTR-island","chr2:196933310-196933665",TRUE,TRUE,"","rs6741762",""
"cg21629349",0.0347274065413206,0.08761106988444,6.44559986754717,5.86527071646969e-08,0.00040184435996213,7.33386475597787,0.10460533265998,0.0698779261186593,-0.0347274065413206,"11",60691880,"R","I","TMEM132A","TSS200","island","TSS200-island","chr11:60691785-60692532",NA,NA,"","",""
"cg22620090",0.059454433665292,0.211585359167127,6.43894002463255,6.00295961754669e-08,0.000404535512259509,7.31074918026282,0.24068008202461,0.181225648359318,-0.0594544336652921,"6",105400993,"R","I","","IGR","island","IGR-island","chr6:105400877-105401149",NA,NA,"","",""
"cg08375882",-0.0183308803633889,0.925707284135194,-6.42159437450406,6.37692324921964e-08,0.000422721974940186,7.25055068010537,0.916736853319068,0.935067733682457,0.0183308803633889,"16",89107658,"F","I","","IGR","shore","IGR-shore","chr16:89108886-89109130",NA,NA,"","",""
"cg03521656",0.0374984270118562,0.0976222958688028,6.41705844109422,6.47849770023273e-08,0.000422721974940186,7.23481016289799,0.115972589938435,0.0784741629265783,-0.0374984270118563,"16",19422243,"R","I","TMC5","5'UTR","island","5'UTR-island","chr16:19421816-19422498",TRUE,TRUE,"","",""
"cg19269713",0.0164423057679794,0.0548381916525013,6.40950056273481,6.65134662894289e-08,0.000426982167315798,7.20858441209778,0.0628844263900231,0.0464421206220437,-0.0164423057679794,"2",69969370,"R","I","ANXA4","5'UTR","island","5'UTR-island","chr2:69968749-69969592",NA,NA,"","",""
"cg16404530",0.0629080414315873,0.232771269474446,6.40223998010746,6.82173382492225e-08,0.000426982167315798,7.18339203208115,0.263556055706925,0.200648014275338,-0.0629080414315873,"2",98964691,"R","I","CNGA3","5'UTR","shore","5'UTR-shore","chr2:98962873-98964187",NA,TRUE,"","",""
"cg18861140",0.0422339064075154,0.145600360339953,6.39774187468718,6.92947321986628e-08,0.000426982167315798,7.16778562673837,0.166268016667035,0.12403411025952,-0.0422339064075155,"18",3449789,"R","I","TGIF1","5'UTR","island","5'UTR-island","chr18:3448006-3452360",TRUE,NA,"","",""
"cg20168412",0.0317528780837217,0.0691693422283885,6.39651033290703,6.9592666083217e-08,0.000426982167315798,7.16351284864984,0.0847079846948907,0.0529551066111689,-0.0317528780837218,"3",13324132,"F","I","","IGR","island","IGR-island","chr3:13323438-13324929",NA,NA,"","",""
"cg06513149",0.071057152212715,0.236988839764927,6.3734258136902,7.54201631242149e-08,0.000452021744197093,7.08343184655495,0.271761488720085,0.20070433650737,-0.071057152212715,"13",33002431,"R","I","N4BP2L1","TSS200","shore","TSS200-shore","chr13:33001249-33002078",TRUE,NA,"","",""
"cg19954146",0.0462328752476275,0.129486624939495,6.37005565741576,7.63107681286437e-08,0.000452021744197093,7.07174223244483,0.15211122346493,0.105878348217302,-0.0462328752476276,"6",1312822,"R","I","FOXQ1","5'UTR","island","5'UTR-island","chr6:1311068-1314220",NA,NA,"","",""
"cg24979318",-0.0655052995138717,0.855058056287569,-6.35621901431775,8.0078709855791e-08,0.000452021744197093,7.02375325590196,0.823002271419079,0.888507570932951,0.0655052995138716,"3",107759953,"R","II","","IGR","opensea","IGR-opensea","",NA,TRUE,"","",""
"cg00172376",0.0492572180625598,0.194094387217864,6.351829299151,8.13124966243006e-08,0.000452021744197093,7.00853010271026,0.218198983291031,0.168941765228472,-0.0492572180625598,"21",32929871,"R","I","TIAM1","5'UTR","shore","5'UTR-shore","chr21:32929927-32932017",NA,NA,"","",""
"cg20693607",0.0414955246210222,0.128749327881198,6.34830230320391,8.2317544987875e-08,0.000452021744197093,6.99629931412741,0.149055648440422,0.107560123819399,-0.0414955246210223,"3",184319566,"F","I","","IGR","island","IGR-island","chr3:184319376-184319822",NA,NA,"","",""
"cg17859578",-0.0758136663786099,0.819484196616291,-6.34326340810273,8.37749823775841e-08,0.000452021744197093,6.97882644254243,0.782383891792715,0.858197558171325,0.0758136663786101,"12",112816053,"R","II","","IGR","shelf","IGR-shelf","chr12:112819039-112819250",NA,NA,"","",""
"cg17767319",0.0417606254000784,0.217213597236016,6.33876959131775,8.50964862467934e-08,0.000452021744197093,6.9632445127925,0.237649647963714,0.195889022563635,-0.0417606254000784,"12",121124020,"R","I","MLEC","TSS1500","shore","TSS1500-shore","chr12:121124111-121125479",NA,NA,"","",""
"cg05385128",-0.0506586264046077,0.819563748998568,-6.33864765224385,8.51326336824256e-08,0.000452021744197093,6.96282171033082,0.79477335735376,0.845431983758367,0.0506586264046073,"2",207275555,"F","II","","IGR","opensea","IGR-opensea","",NA,NA,"","",""
"cg10335543",0.0390465806290014,0.0859172115768507,6.3275043365009,8.85014978536622e-08,0.000452021744197093,6.92418668378054,0.105025112735724,0.0659785321067223,-0.0390465806290014,"14",102829157,"F","I","TECPR2","TSS1500","island","TSS1500-island","chr14:102829156-102829873",NA,NA,"","",""
"cg25372357",0.0522555418131444,0.208347814631351,6.32710289982728,8.86253138997e-08,0.000452021744197093,6.92279495362981,0.233919675518634,0.18166413370549,-0.0522555418131443,"4",56659770,"F","I","","IGR","island","IGR-island","chr4:56659626-56660144",NA,NA,"","rs34320462",""
"cg05658717",0.0266414115000461,0.0615683990400224,6.32178418481365,9.02821975519126e-08,0.000452021744197093,6.90435625522944,0.0746056855187684,0.0479642740187222,-0.0266414115000462,"12",118407033,"R","I","KSR2","TSS1500","island","TSS1500-island","chr12:118406590-118407364",TRUE,NA,"high-CpG:116890953-116891470","",""
"cg06880365",0.0320886701669286,0.0633019654706915,6.32003938136449,9.08324471567906e-08,0.000452021744197093,6.89830769368218,0.0790049317225928,0.0469162615556641,-0.0320886701669286,"19",36870044,"F","I","","IGR","island","IGR-island","chr19:36869564-36870279",NA,NA,"high-CpG:41561868-41561960","",""
"cg17199681",0.0307561739109703,0.0733693561412091,6.31912142951789,9.11232798005787e-08,0.000452021744197093,6.89512555805399,0.0884202497572159,0.0576640758462455,-0.0307561739109704,"17",3540328,"R","I","CTNS","5'UTR","island","5'UTR-island","chr17:3539318-3540484",NA,NA,"high-CpG:3486753-3487201","",""
"cg20947082",0.0500032739311789,0.127791984812179,6.31814289342261,9.14343311161712e-08,0.000452021744197093,6.89173344143251,0.152261672055097,0.102258398123918,-0.0500032739311789,"1",233749643,"F","I","KCNK1","TSS200","island","TSS200-island","chr1:233749373-233750314",TRUE,NA,"","",""
"cg11788450",0.0184268318592004,0.0706275905494546,6.31617941848088,9.20616703906945e-08,0.000452021744197093,6.88492713145285,0.0796449763528931,0.0612181444936926,-0.0184268318592005,"12",56521719,"F","I","ESYT1","TSS1500","shore","TSS1500-shore","chr12:56522240-56522454",NA,NA,"","",""
"cg13158990",-0.0180039238571502,0.937132747456065,-6.3155209479219,9.22730155617811e-08,0.000452021744197093,6.88264460424056,0.928322316632354,0.946326240489504,0.0180039238571498,"17",21101960,"R","I","TMEM11","Body","opensea","Body-opensea","",NA,NA,"","",""
"cg17250947",0.0303859858880575,0.114973170647203,6.31522814319073,9.23671507937866e-08,0.000452021744197093,6.88162962950023,0.12984290842221,0.099456922534152,-0.0303859858880575,"3",42642016,"R","I","NKTR","TSS200","island","TSS200-island","chr3:42641844-42642605",NA,NA,"","",""
"cg18949300",0.0338984279234159,0.159897985892983,6.30573956567906,9.5470134891582e-08,0.000461255538481262,6.84874046935165,0.176486578281038,0.142588150357621,-0.0338984279234161,"6",167275778,"R","I","RPS6KA2","TSS200","island","TSS200-island","chr6:167275720-167276626",TRUE,NA,"","",""
"cg19737787",0.0545223819830937,0.21313969999615,6.30018348615976,9.73351892863571e-08,0.000461255538481262,6.82948382989673,0.239820865647451,0.185298483664358,-0.0545223819830936,"13",28492265,"F","I","","IGR","island","IGR-island","chr13:28491488-28492518",NA,NA,"","",""
"cg21767135",0.0544435181432511,0.144188819741924,6.29934374227546,9.76202197843942e-08,0.000461255538481262,6.8265735024817,0.170831392450324,0.116387874307072,-0.0544435181432511,"3",3169141,"R","I","TRNT1","5'UTR","island","5'UTR-island","chr3:3168324-3169231",NA,NA,"","",""
"cg12533308",0.019625894262599,0.0791661472775991,6.29538114836838,9.89765090355935e-08,0.000462287217941545,6.81284062100741,0.088770308299722,0.069144414037123,-0.019625894262599,"21",47878746,"R","I","DIP2A","TSS200","island","TSS200-island","chr21:47878070-47879576",NA,NA,"","",""
"cg22357700",0.0294554590562576,0.111199254469699,6.29217475749784,1.00087727049316e-07,0.000462287217941545,6.80172895438988,0.125613628050421,0.0961581689941629,-0.0294554590562576,"19",11805638,"F","I","","IGR","island","IGR-island","chr19:11805261-11805900",NA,NA,"","",""
"cg13481132",0.0424524206494791,0.114050430281896,6.28722991441445,1.01825891077252e-07,0.000465089757495348,6.78459360194326,0.134825019110365,0.0923725984608858,-0.0424524206494791,"9",138606811,"R","I","KCNT1","Body","island","Body-island","chr9:138606403-138606934",NA,TRUE,"","",""
"cg10109876",0.047278457668801,0.120219061075673,6.28394198059033,1.02998280528699e-07,0.00046527492492676,6.7732005264654,0.143355327594448,0.0960768699256473,-0.0472784576688011,"10",61122470,"F","I","FAM13C","TSS200","island","TSS200-island","chr10:61122306-61122536",NA,TRUE,"","","rs35920448"
"cg22745781",0.0361526974198505,0.116101720120462,6.27938660061934,1.04644906323465e-07,0.000467575052901285,6.75741639221812,0.133793465666347,0.0976407682464962,-0.0361526974198505,"7",16461244,"F","I","ISPD","TSS1500","island","TSS1500-island","chr7:16460778-16461265",TRUE,TRUE,"","",""
"cg10827434",0.0634310128317292,0.272746158859005,6.27549532308884,1.06072273136773e-07,0.000468856555695689,6.74393406862443,0.303786867266021,0.240355854434292,-0.0634310128317291,"1",84944976,"R","I","RPF1","1stExon","island","1stExon-island","chr1:84944932-84945350",NA,NA,"low-CpG:84717515-84717570","",""
"cg15950068",0.0582524444545951,0.167589138114774,6.26828848233474,1.08767349125575e-07,0.000470234008767421,6.71896593442036,0.196095653486172,0.137843209031577,-0.0582524444545952,"6",84418659,"F","I","SNAP91","Body","island","Body-island","chr6:84417597-84419378",TRUE,TRUE,"high-CpG:84475211-84475844","",""
"cg03121168",0.0580610940597724,0.164331521846696,6.26819272227691,1.08803615940838e-07,0.000470234008767421,6.71863418913795,0.19274439766318,0.134683303603408,-0.0580610940597724,"20",61558123,"R","I","DIDO1","5'UTR","island","5'UTR-island","chr20:61557027-61558214",NA,NA,"","",""
"cg21545673",-0.0711211419368155,0.837579744084088,-6.26553330755489,1.09815641529338e-07,0.000470234008767421,6.70942124327051,0.802775781008625,0.87389692294544,0.0711211419368152,"2",162162469,"R","II","","IGR","shelf","IGR-shelf","chr2:162164675-162165248",NA,NA,"","",""
"cg25944898",0.0227962555653284,0.0575781491509846,6.25998293834048,1.11958170852674e-07,0.00047377534358435,6.69019428282696,0.0687337635765708,0.0459375080112424,-0.0227962555653285,"11",64085532,"R","I","PRDX5","TSS200","island","TSS200-island","chr11:64084646-64086057",NA,NA,"","",""
"cg06239208",0.028431180127569,0.102236554599272,6.25721266906345,1.13043095180095e-07,0.00047377534358435,6.68059836432761,0.116149685299997,0.0877185051724281,-0.028431180127569,"20",42543422,"F","I","TOX2","TSS1500","island","TSS1500-island","chr20:42543097-42545137",TRUE,NA,"high-CpG:41976831-41976971","",""
"cg20852226",0.0717325314047611,0.134631400097466,6.25179829511944,1.15193920070826e-07,0.00047377534358435,6.66184458554076,0.169734553763626,0.0980020223588646,-0.0717325314047613,"11",76859010,"F","I","MYO7A","Body","island","Body-island","chr11:76858728-76859181",TRUE,NA,"","rs71469546",""
"cg05492810",0.068981314971765,0.189724017531418,6.25165155969508,1.15252774696673e-07,0.00047377534358435,6.66133635694343,0.223480831241005,0.15449951626924,-0.0689813149717652,"11",78129288,"F","I","GAB2","TSS1500","island","TSS1500-island","chr11:78127965-78129400",TRUE,NA,"","",""
